<?xml version="1.0" encoding="UTF-8"?>
<Erxl  xmlns:xsi="http://www.w3.org/2001/XMLSchema-instance"  xsi:noNamespaceSchemaLocation="erxl.xsd" >
<Loc>
<Family>XBRL</Family>
<Version>2003</Version>
<Href>http://www.xbrl.org/2003/xbrl-instance-2003-12-31.xsd</Href>
<AttType>SCH</AttType>
<FileTypeName>XbrlSystemSchema</FileTypeName>
<Elements>1</Elements>
<Namespace>http://www.xbrl.org/2003/instance</Namespace>
<Prefix>xbrli</Prefix>
</Loc>
<Loc>
<Family>XSI</Family>
<Version>2001</Version>
<Href>http://www.w3.org/2001/XMLSchema-instance.xsd</Href>
<AttType>SCH</AttType>
<FileTypeName>XbrlSystemSchema</FileTypeName>
<Elements>1</Elements>
<Namespace>http://www.w3.org/2001/XMLSchema-instance</Namespace>
<Prefix>xsi</Prefix>
</Loc>
<Loc>
<Family>XSD</Family>
<Version>2001</Version>
<Href>http://www.w3.org/2001/XMLSchema.xsd</Href>
<AttType>SCH</AttType>
<FileTypeName>XbrlSystemSchema</FileTypeName>
<Elements>1</Elements>
<Namespace>http://www.w3.org/2001/XMLSchema</Namespace>
<Prefix>xsd</Prefix>
</Loc>
<Loc>
<Family>XBRL</Family>
<Version>2003</Version>
<Href>http://www.xbrl.org/2003/xbrl-linkbase-2003-12-31.xsd</Href>
<AttType>SCH</AttType>
<FileTypeName>XbrlSystemSchema</FileTypeName>
<Elements>1</Elements>
<Namespace>http://www.xbrl.org/2003/linkbase</Namespace>
<Prefix>link</Prefix>
</Loc>
<Loc>
<Family>XBRL</Family>
<Version>2003</Version>
<Href>http://www.xbrl.org/2003/xl-2003-12-31.xsd</Href>
<AttType>SCH</AttType>
<FileTypeName>XbrlSystemSchema</FileTypeName>
<Elements>1</Elements>
<Namespace>http://www.xbrl.org/2003/XLink</Namespace>
<Prefix>xl</Prefix>
</Loc>
<Loc>
<Family>XLINK</Family>
<Version>1999</Version>
<Href>http://www.xbrl.org/2003/xlink-2003-12-31.xsd</Href>
<AttType>SCH</AttType>
<FileTypeName>XbrlSystemSchema</FileTypeName>
<Elements>1</Elements>
<Namespace>http://www.w3.org/1999/xlink</Namespace>
<Prefix>xlink</Prefix>
</Loc>
<Loc>
<Family>XBRL</Family>
<Version>2004</Version>
<Href>http://www.xbrl.org/2004/ref-2004-08-10.xsd</Href>
<AttType>SCH</AttType>
<FileTypeName>XbrlSystemSchema</FileTypeName>
<Elements>1</Elements>
<Namespace>http://www.xbrl.org/2004/ref</Namespace>
<Prefix>ref</Prefix>
</Loc>
<Loc>
<Family>XBRL</Family>
<Version>2006</Version>
<Href>http://www.xbrl.org/2006/ref-2006-02-27.xsd</Href>
<AttType>SCH</AttType>
<FileTypeName>XbrlSystemSchema</FileTypeName>
<Elements>1</Elements>
<Namespace>http://www.xbrl.org/2006/ref</Namespace>
<Prefix>ref</Prefix>
</Loc>
<Loc>
<Family>XBRL</Family>
<Version>2005</Version>
<Href>http://www.xbrl.org/2005/xbrldt-2005.xsd</Href>
<AttType>SCH</AttType>
<FileTypeName>XbrlSystemSchema</FileTypeName>
<Elements>1</Elements>
<Namespace>http://xbrl.org/2005/xbrldt</Namespace>
<Prefix>xbrldt</Prefix>
</Loc>
<Loc>
<Family>XBRL</Family>
<Version>2006</Version>
<Href>http://www.xbrl.org/2006/xbrldi-2006.xsd</Href>
<AttType>SCH</AttType>
<FileTypeName>XbrlSystemSchema</FileTypeName>
<Elements>1</Elements>
<Namespace>http://xbrl.org/2006/xbrldi</Namespace>
<Prefix>xbrldt</Prefix>
</Loc>
<Loc>
<Family>XML</Family>
<Version>2001</Version>
<Href>http://www.w3.org/2001/xml.xsd</Href>
<AttType>SCH</AttType>
<FileTypeName>XbrlSystemSchema</FileTypeName>
<Elements>1</Elements>
<Namespace>http://www.w3.org/XML/1998/namespace</Namespace>
<Prefix>xml</Prefix>
</Loc>
</Erxl>
