<?xml version="1.0" encoding="UTF-8"?>
<?xml-stylesheet type="text/xsl" href="stylesheets/functionDefinition.xsl"?>
<function
  xmlns:xs="http://www.w3.org/2001/XMLSchema"
  xmlns:xsi="http://www.w3.org/2001/XMLSchema-instance"
  xmlns="http://xbrl.org/2008/function"
  xmlns:xhtml="http://www.w3.org/1999/xhtml"
  xmlns:xlink="http://www.w3.org/1999/xlink"
  xmlns:ix="http://www.xbrl.org/2008/inlineXBRL"
  xmlns:ixt-sec="http://www.sec.gov/inlineXBRL/transformation/2015-08-31"
  xmlns:xbrli="http://www.xbrl.org/2003/instance"
  xmlns:reg="http://xbrl.org/2008/registry"
  xsi:schemaLocation="http://xbrl.org/2008/registry schemas/registry.xsd http://xbrl.org/2008/function schemas/function.xsd">
  <lastUpdated moment="2016-10-20T15:00:00"/>
  <owners>
    <reg:owner id="herm">
      <reg:name>Herm Fischer</reg:name>
      <reg:affiliation>Mark V Systems Limited</reg:affiliation>
      <reg:email>fischer@markv.com</reg:email>
      <reg:assumedOwnership moment="2016-10-20T15:00:00"/>
    </reg:owner>
    </owners>
  <summary>
Transforms durations with number words or numbers for years, months, and/or days.
  </summary>
  <documentation>
    <xhtml:p>
Transforms number word durations (English).
    </xhtml:p>
    <xhtml:p>
Duration year/month/day parts are expressed only in short-form notation words or numerals.
Years, months and days up to 1999 (nineteen-hundred ninety-nine).
Examples:  three years four months no days, or three years, 11 months and four days
Plural is optional.  Comma and "and" are optional.  Dashes allowed.
    </xhtml:p>
  </documentation>
  <reference xlink:type="simple" xlink:href="inlineXBRL-part1/REC-2010-04-20/inlineXBRL-part1-REC-2010-04-20.html#sec-transformationrules">Inline XBRL Part 1: Specification 1.0 Section 14</reference>
  <reference xlink:type="simple" xlink:href="https://en.wikipedia.org/wiki/English_numerals">English Durations</reference>
  <signature name="ixt-sec:durwordsen">
    <input name="input" type="ixt-sec:durwordsenType">
      <xhtml:p>
Words expressing a duration in short-form notation, such as "seven days", "twelve years" or "twelve-years".
      </xhtml:p>
    </input>
      <output type="xs:duration">
      <xhtml:p>
The value in xs:duration. 
      </xhtml:p>
    </output>
  </signature>
  <revisions>
    <reg:revision on="2016-09-06T15:00:00" by="herm">
    Initial version
    </reg:revision> 
 	</revisions>
</function>
