﻿<?xml version="1.0" encoding="UTF-8"?>

<?xml-stylesheet type="text/xsl" href="stylesheets/functionDefinition.xsl"?>

<function
  xmlns:xs="http://www.w3.org/2001/XMLSchema"
  xmlns:xsi="http://www.w3.org/2001/XMLSchema-instance"
  xmlns="http://xbrl.org/2008/function"
  xmlns:xhtml="http://www.w3.org/1999/xhtml"
  xmlns:xlink="http://www.w3.org/1999/xlink"
  xmlns:ix="http://www.xbrl.org/2008/inlineXBRL"
  xmlns:ixt-sec="http://www.sec.gov/inlineXBRL/transformation/2015-08-31"
  xmlns:xbrli="http://www.xbrl.org/2003/instance"
  xmlns:reg="http://xbrl.org/2008/registry"
  xsi:schemaLocation="http://xbrl.org/2008/registry schemas/registry.xsd http://xbrl.org/2008/function schemas/function.xsd">
  <lastUpdated moment="2015-08-23T12:00:00"/>
  <owners>
    <reg:owner id="herm">
      <reg:name>Herm Fischer</reg:name>
      <reg:affiliation>Mark V Systems Limited</reg:affiliation>
      <reg:email>fischer@markv.com</reg:email>
      <reg:assumedOwnership moment="2015-08-23T12:00:00"/>
    </reg:owner>
    <reg:owner id="walter">
      <reg:name>Walter Hamscher</reg:name>
      <reg:affiliation>SEC</reg:affiliation>
      <reg:email>HamscherW@sec.gov</reg:email>
      <reg:assumedOwnership moment="2015-08-23T12:00:00"/>
    </reg:owner>

  </owners>
  <summary>

Transforms durday.

  </summary>
  <documentation>
    <xhtml:p>

Transforms duration in hours

Accepts decimal number for hours.

    </xhtml:p>
  </documentation>
  <reference xlink:type="simple" 
             xlink:href="inlineXBRL-part1/REC-2010-04-20/inlineXBRL-part1-REC-2010-04-20.html#sec-transformationrules"
             >Inline XBRL Part 1: Specification 1.0 Section 14</reference>
  <signature name="ixt-sec:durhour">
    <input name="input" type="ixt-sec:durhourType">
      <xhtml:p>

Duration in hours

      </xhtml:p>
    </input>
      <output type="xs:duration">
      <xhtml:p>

The duration in xs:duration.

Transformed value is in integer hours, hours are rounded (no value smaller than an hour). 
      </xhtml:p>
    </output>
  </signature>
  <revisions>
    <reg:revision on="2016-02-08T12:00:00" by="walter"/> 
  </revisions>
</function>
