﻿<?xml version="1.0" encoding="UTF-8"?>
<?xml-stylesheet type="text/xsl" href="stylesheets/functionDefinition.xsl"?>
<function
  xmlns:xs="http://www.w3.org/2001/XMLSchema"
  xmlns:xsi="http://www.w3.org/2001/XMLSchema-instance"
  xmlns="http://xbrl.org/2008/function"
  xmlns:xhtml="http://www.w3.org/1999/xhtml"
  xmlns:xlink="http://www.w3.org/1999/xlink"
  xmlns:ix="http://www.xbrl.org/2008/inlineXBRL"
  xmlns:ixt-sec="http://www.sec.gov/inlineXBRL/transformation/2015-08-31"
  xmlns:xbrli="http://www.xbrl.org/2003/instance"
  xmlns:reg="http://xbrl.org/2008/registry"
  xsi:schemaLocation="http://xbrl.org/2008/registry schemas/registry.xsd http://xbrl.org/2008/function schemas/function.xsd">
  <lastUpdated moment="2015-08-23T12:00:00"/>
  <owners>
    <reg:owner id="herm">
      <reg:name>Herm Fischer</reg:name>
      <reg:affiliation>Mark V Systems Limited</reg:affiliation>
      <reg:email>fischer@markv.com</reg:email>
      <reg:assumedOwnership moment="2016-07-24T12:00:00"/>
    </reg:owner>
  </owners>
  <summary>
Transforms number words into integer numbers.
  </summary>
  <documentation>
    <xhtml:p>
Transforms number words (English).
    </xhtml:p>
    <xhtml:p>
Numbers are expressed only in short-form notation (where billion is 1000 x million).  Fractions are not supported (neither supporting checkbook style writing such as one hundred one and 01/100, nor word fractions, such as par value two-thirds)
The word and is allowed before sub-hundred words, e.g., three thousand and thirty-five.
Commas are allowed where 1000 group separators are valid.
    </xhtml:p>
  </documentation>
  <reference xlink:type="simple" xlink:href="inlineXBRL-part1/REC-2010-04-20/inlineXBRL-part1-REC-2010-04-20.html#sec-transformationrules">Inline XBRL Part 1: Specification 1.0 Section 14</reference>
  <reference xlink:type="simple" xlink:href="https://en.wikipedia.org/wiki/English_numerals">English Numerals</reference>
  <signature name="ixt-sec:numwordsen">
    <input name="input" type="ixt-sec:numwordsenType">
      <xhtml:p>
Words expressing a number in short-form notation, such as eighteen million three hundred thousand fifty-one
      </xhtml:p>
    </input>
      <output type="xs:integer">
      <xhtml:p>
The value in xs:integer. 
      </xhtml:p>
    </output>
  </signature>
  <revisions>
    <reg:revision on="2016-07-24T12:00:00" by="herm">
    Initial version
    </reg:revision> 
  </revisions>
</function>
