﻿<?xml version="1.0" encoding="UTF-8"?>

<?xml-stylesheet type="text/xsl" href="stylesheets/functionDefinition.xsl"?>

<function
  xmlns:xs="http://www.w3.org/2001/XMLSchema"
  xmlns:xsi="http://www.w3.org/2001/XMLSchema-instance"
  xmlns="http://xbrl.org/2008/function"
  xmlns:xhtml="http://www.w3.org/1999/xhtml"
  xmlns:xlink="http://www.w3.org/1999/xlink"
  xmlns:ix="http://www.xbrl.org/2008/inlineXBRL"
  xmlns:ixt-sec="http://www.sec.gov/inlineXBRL/transformation/2015-08-31"
  xmlns:xbrli="http://www.xbrl.org/2003/instance"
  xmlns:reg="http://xbrl.org/2008/registry"
  xsi:schemaLocation="http://xbrl.org/2008/registry schemas/registry.xsd http://xbrl.org/2008/function schemas/function.xsd">
  <lastUpdated moment="2018-10-12T12:00:00"/>
  <owners>
    <reg:owner id="herm">
      <reg:name>Herm Fischer</reg:name>
      <reg:affiliation>Mark V Systems Limited</reg:affiliation>
      <reg:email>fischer@markv.com</reg:email>
      <reg:assumedOwnership moment="2018-10-12T12:00:00"/>
    </reg:owner>

  </owners>
  <summary>

Transforms datequarterend.

  </summary>
  <documentation>
    <xhtml:p>

Transforms date in quarter - year expression representing the last day of a calendar quarter 
(e.g., last day in March, June, September and December).

    </xhtml:p>
  </documentation>
  <reference xlink:type="simple" 
             xlink:href="inlineXBRL-part1/REC-2010-04-20/inlineXBRL-part1-REC-2010-04-20.html#sec-transformationrules"
             >Inline XBRL Part 1: Specification 1.0 Section 14</reference>
  <signature name="ixt-sec:datequarterend">
    <input name="input" type="ixt-sec:datequarterendType">
      <xhtml:p>
		Date from a calendar quarter expression, such as the following:
		<xhtml:table>
		<xhtml:tr><xhtml:th>Source Expression</xhtml:th><xhtml:th>Transformed Value</xhtml:th></xhtml:tr>
		<xhtml:tr><xhtml:td>3rd quarter, 1999</xhtml:td><xhtml:td>1999-09-30</xhtml:td></xhtml:tr>
		<xhtml:tr><xhtml:td>Last quarter 1999</xhtml:td><xhtml:td>1999-12-31</xhtml:td></xhtml:tr>
		<xhtml:tr><xhtml:td>1999, Q4</xhtml:td><xhtml:td>1999-12-31</xhtml:td></xhtml:tr>
		<xhtml:tr><xhtml:td>1999 1st Quarter</xhtml:td><xhtml:td>1999-03-31</xhtml:td></xhtml:tr>
		</xhtml:table>
      </xhtml:p>
    </input>
      <output type="xs:date">
      <xhtml:p>

The date in xs:date.

      </xhtml:p>
    </output>
  </signature>
  <revisions>
    <reg:revision on="2018-10-12T12:00:00" by="herm"/> 
  </revisions>
</function>
