﻿<?xml version="1.0" encoding="UTF-8"?>

<?xml-stylesheet type="text/xsl" href="stylesheets/functionDefinition.xsl"?>

<function
  xmlns:xs="http://www.w3.org/2001/XMLSchema"
  xmlns:xsi="http://www.w3.org/2001/XMLSchema-instance"
  xmlns="http://xbrl.org/2008/function"
  xmlns:xhtml="http://www.w3.org/1999/xhtml"
  xmlns:xlink="http://www.w3.org/1999/xlink"
  xmlns:ix="http://www.xbrl.org/2008/inlineXBRL"
  xmlns:ixt-sec="http://www.sec.gov/inlineXBRL/transformation/2015-08-31"
  xmlns:xbrli="http://www.xbrl.org/2003/instance"
  xmlns:reg="http://xbrl.org/2008/registry"
  xsi:schemaLocation="http://xbrl.org/2008/registry schemas/registry.xsd http://xbrl.org/2008/function schemas/function.xsd">
  <lastUpdated moment="2019-03-26T12:00:00"/>
  <owners>
    <reg:owner id="herm">
      <reg:name>Herm Fischer</reg:name>
      <reg:affiliation>Mark V Systems Limited</reg:affiliation>
      <reg:email>fischer@markv.com</reg:email>
      <reg:assumedOwnership moment="2019-03-26T12:00:00"/>
    </reg:owner>

  </owners>
  <summary>
Transforms EDGAR English exchange names into their respective exchange codes.  Initial character of each word (and all characters of abbreviation) may be upper or lower case.

  </summary>
  <documentation>
    <xhtml:p>

Transforms EDGAR English exchange names (per SEC as of the below revision date).  <br/>

BOX Exchange LLC &#x2192; BOX<br/>
Cboe BYX Exchange, Inc. &#x2192; CboeBYX<br/>
Cboe BZX Exchange, Inc. &#x2192; CboeBZX<br/>
Cboe C2 Exchange, Inc. &#x2192; C2<br/>
Cboe EDGA Exchange, Inc. &#x2192; CboeEDGA<br/>
Cboe EDGX Exchange, Inc. &#x2192; Cboe EDGX<br/>
Cboe Exchange, Inc. &#x2192; CBOE<br/>
Chicago Stock Exchange, Inc. &#x2192; CHX<br/>
Investors Exchange LLC &#x2192; IEX<br/>
Miami International Securities Exchange LLC &#x2192; MIAX<br/>
MIAX PEARL, LLC &#x2192; PEARL<br/>
Nasdaq BX, Inc.  &#x2192; BX<br/>
Nasdaq GEMX, LLC &#x2192; GEMX<br/>
Nasdaq ISE, LLC &#x2192; ISE<br/>
Nasdaq MRX, LLC &#x2192; MRX<br/>
Nasdaq PHLX LLC &#x2192; Phlx<br/>
New York Stock Exchange LLC &#x2192; NYSE<br/>
NYSE American LLC &#x2192; NYSEAMER<br/>
NYSE Arca, Inc. &#x2192; NYSEArca<br/>
NYSE National, Inc. &#x2192; NYSENAT<br/>
The Nasdaq Stock Market LLC &#x2192; NASDAQ<br/>


    </xhtml:p>
  </documentation>
  <reference xlink:type="simple" 
             xlink:href="inlineXBRL-part1/REC-2010-04-20/inlineXBRL-part1-REC-2010-04-20.html#sec-transformationrules"
             >Inline XBRL Part 1: Specification 1.0 Section 14</reference>
  <signature name="ixt-sec:exchnameen">
    <input name="input" type="ixt-sec:exchnameenType">
      <xhtml:p>
		Country code from a country name expression, such as the following:
		<xhtml:table>
		<xhtml:tr><xhtml:th>Source Expression</xhtml:th><xhtml:th>Transformed Value</xhtml:th></xhtml:tr>
		<xhtml:tr><xhtml:td>New York Stock Exchange LLC</xhtml:td><xhtml:td>NYSE</xhtml:td></xhtml:tr>
		<xhtml:tr><xhtml:td>New York Stock Exchange</xhtml:td><xhtml:td>NYSE</xhtml:td></xhtml:tr>
		<xhtml:tr><xhtml:td>new york stock exchange</xhtml:td><xhtml:td>NYSE</xhtml:td></xhtml:tr>
		</xhtml:table>
      </xhtml:p>
    </input>
      <output type="xs:token">
      <xhtml:p>

The value in xs:token.

      </xhtml:p>
    </output>
  </signature>
  <revisions>
    <reg:revision on="2019-03-26T12:00:00" by="herm"/> 
  </revisions>
</function>
