﻿<?xml version="1.0" encoding="UTF-8"?>

<?xml-stylesheet type="text/xsl" href="stylesheets/functionDefinition.xsl"?>

<function
  xmlns:xs="http://www.w3.org/2001/XMLSchema"
  xmlns:xsi="http://www.w3.org/2001/XMLSchema-instance"
  xmlns="http://xbrl.org/2008/function"
  xmlns:xhtml="http://www.w3.org/1999/xhtml"
  xmlns:xlink="http://www.w3.org/1999/xlink"
  xmlns:ix="http://www.xbrl.org/2008/inlineXBRL"
  xmlns:ixt-sec="http://www.sec.gov/inlineXBRL/transformation/2015-08-31"
  xmlns:xbrli="http://www.xbrl.org/2003/instance"
  xmlns:reg="http://xbrl.org/2008/registry"
  xsi:schemaLocation="http://xbrl.org/2008/registry schemas/registry.xsd http://xbrl.org/2008/function schemas/function.xsd">
  <lastUpdated moment="2019-03-26T12:00:00"/>
  <owners>
    <reg:owner id="herm">
      <reg:name>Herm Fischer</reg:name>
      <reg:affiliation>Mark V Systems Limited</reg:affiliation>
      <reg:email>fischer@markv.com</reg:email>
      <reg:assumedOwnership moment="2019-03-26T12:00:00"/>
    </reg:owner>

  </owners>
  <summary>
Transforms English country names into ISO 3166 2-character codes.  Initial character of each word may be upper or lower case.

  </summary>
  <documentation>
    <xhtml:p>

Transforms English country names (as of the below revision date).  
Some words optional when in the official name ("the" and trailing words not customarily used even though in the ISO name).
Some synonyms in the expression (USA, UK or Great Britain, etc).

    </xhtml:p>
  </documentation>
  <reference xlink:type="simple" 
             xlink:href="inlineXBRL-part1/REC-2010-04-20/inlineXBRL-part1-REC-2010-04-20.html#sec-transformationrules"
             >Inline XBRL Part 1: Specification 1.0 Section 14</reference>
  <signature name="ixt-sec:countrynameen">
    <input name="input" type="ixt-sec:countrynameenType">
      <xhtml:p>
		Country code from a country name expression, such as the following:
		<xhtml:table>
		<xhtml:tr><xhtml:th>Source Expression</xhtml:th><xhtml:th>Transformed Value</xhtml:th></xhtml:tr>
		<xhtml:tr><xhtml:td>Afghanistan</xhtml:td><xhtml:td>AF</xhtml:td></xhtml:tr>
		<xhtml:tr><xhtml:td>afghanistan</xhtml:td><xhtml:td>AF</xhtml:td></xhtml:tr>
		<xhtml:tr><xhtml:td>American Samoa</xhtml:td><xhtml:td>AS</xhtml:td></xhtml:tr>
		</xhtml:table>
      </xhtml:p>
    </input>
      <output type="xs:token">
      <xhtml:p>

The value in xs:token (corresponding to value space of fact type dei:countryItemType).

      </xhtml:p>
    </output>
  </signature>
  <revisions>
    <reg:revision on="2019-03-26T12:00:00" by="herm"/> 
  </revisions>
</function>
